,Inode (file unique ID),KB Allocated,File Size,Creation Time in days from today,Change Time in days from today,Modification time in days from today,Acces time in days from today,GID numeric ID for the group owner of the file,UID numeric ID for the owner of the file
0,100663296,0,8,1447,1447,3131,1447,2035,762231
1,100663297,0,188,1447,1447,1937,1447,2010,614955
2,100663301,0,567,1447,1447,3142,1447,2035,762231
3,100663304,0,87,1447,1447,3142,1447,2035,762231
4,100663306,0,1689,1447,1447,1937,1447,2010,614955
5,100663307,8192,11469504,1447,1447,2518,1447,2069,1000000092
6,100663309,64,74200,1447,1447,2186,1447,2392,831677
7,100663310,0,1105,1447,1447,3142,1447,2035,762231
8,100663313,256,553394,1447,1447,2106,1447,2170,753559
9,100663315,448,2006143,1447,1447,3142,1447,2035,762231
10,100663316,64,4176,1447,1447,1937,1447,2010,614955
11,100663320,64,3879,1447,1447,1632,1447,2023,881083
12,100663322,64,25961,1447,1093,2143,1050,2022,500120
13,100663323,0,1842,1447,1447,1632,1447,2023,881083
14,100663325,64,8249,1447,1447,1632,1447,2023,881083
15,100663329,64,4184,1447,1447,1937,1447,2010,614955
16,100663333,64,14749,1447,1447,1815,1447,2019,638741
17,100663335,192,374952,1447,1447,2186,1447,2392,831677
18,100663338,0,206,1447,1447,3142,1447,2035,762231
19,100663340,2240,6001928,1447,1447,1540,1447,2003,785573
20,100663341,64,25992,1447,1093,2143,1050,2022,500120
21,100663342,64,19158,1447,1447,1815,1447,2019,638741
22,100663343,64,96792,1447,1447,2186,1447,2392,831677
23,100663344,0,472,1447,1447,3131,1447,2035,762231
24,100663347,0,471,1447,1447,3142,1447,2035,762231
25,100663350,64,4136,1447,1447,1632,1447,2023,881083
26,100663351,64,24691,1447,1447,2106,1447,2170,753559
27,100663352,256,735136,1447,1447,2186,1447,2392,831677
28,100663353,0,105,1447,1447,3142,1447,2035,762231
29,100663356,0,136,1447,1447,3142,1447,2035,762231
30,100663359,0,213,1447,1447,3142,1447,2035,762231
31,100663361,64,23955,1447,1093,2143,1050,2022,500120
32,100663362,64,8410,1447,1447,3142,1447,2035,762231
33,100663367,64,20771,1447,1447,1632,1447,2023,881083
34,100663368,64,25072,1447,1447,1937,1447,2010,614955
35,100663369,128,392343,1447,1447,2106,1447,2170,753559
36,100663371,8192,16708680,1447,1447,1540,1447,2003,785573
37,100663372,0,20,1447,1447,3131,1447,2035,762231
38,100663373,64,17134,1447,1447,1815,1447,2019,638741
39,100663374,64,14150,1447,1093,2143,1050,2022,500120
40,100663377,0,2766,1447,1447,3142,1447,2035,762231
41,100663378,64,25240,1447,1093,2143,1050,2022,500120
42,100663379,0,21,1447,1447,3142,1447,2035,762231
43,100663382,0,2560,1447,1447,3131,1447,2035,762231
44,100663385,0,565,1447,1447,3142,1447,2035,762231
45,100663387,128,309784,1447,1447,2186,1447,2392,831677
46,100663389,0,1126,1447,1447,3142,1447,2035,762231
47,100663390,64,4168,1447,1447,1937,1447,2010,614955
48,100663392,0,76,1447,1447,3142,1447,2035,762231
49,100663393,64,6492,1447,1447,1632,1447,2023,881083
50,100663396,0,1068,1447,1447,3142,1447,2035,762231
51,100663398,64,16452,1447,1447,1937,1447,2010,614955
52,100663403,0,0,1447,1447,3131,1487,2035,762231
53,100663404,64,14323,1447,1447,1815,1447,2019,638741
54,100663406,64,26285,1447,1093,2143,1050,2022,500120
55,100663407,64,16472,1447,1447,1937,1447,2010,614955
56,100663408,64,9906,1447,1447,1632,1447,2023,881083
57,100663409,2752,4543957,1447,1447,1904,1447,2010,841154
58,100663410,512,1672488,1447,1447,2186,1447,2392,831677
59,100663411,64,4164,1447,1447,1937,1447,2010,614955
60,100663412,0,2555,1447,1447,3142,1447,2035,762231
61,100663413,20224,20657048,1447,1447,2518,1447,2069,1000000092
62,100663414,0,3225,1447,1447,3142,1447,2035,762231
63,100663415,0,30,1447,1447,3131,1447,2035,762231
64,100663416,0,743,1447,1447,1632,1447,2023,881083
65,100663417,64,3849,1447,1447,1632,1447,2023,881083
66,100663418,64,11225,1447,1447,1632,1447,2023,881083
67,100663419,0,852,1447,1447,1937,1447,2010,614955
68,100663420,0,0,1447,1447,3131,1487,2035,762231
69,100663421,64,7640,1447,1447,1815,1447,2019,638741
70,100663422,0,106,1447,1447,3142,1447,2035,762231
71,100663425,0,0,1447,1447,3131,1487,2035,762231
72,100663426,0,1999,1447,1447,1937,1447,2010,614955
73,100663427,128,242278,1447,1447,2106,1447,2170,753559
74,100663428,128,136456,1447,1447,2186,1447,2392,831677
75,100663429,0,116,1447,1093,2143,1050,2022,500120
76,100663431,0,146,1447,1447,3142,1447,2035,762231
77,100663432,0,195,1447,1447,1937,1447,2010,614955
78,100663433,64,18652,1447,1447,1632,1447,2023,881083
79,100663434,64,25253,1447,1093,2143,1050,2022,500120
80,100663435,0,612,1447,1447,1937,1447,2010,614955
81,100663436,0,114,1447,1447,3142,1447,2035,762231
82,100663437,64,30246,1447,1447,1632,1447,2023,881083
83,100663438,0,1916,1447,1447,1937,1447,2010,614955
84,100663439,64,16296,1447,1447,1906,1447,2010,841154
85,100663440,0,252,1447,1447,1937,1447,2010,614955
86,100663441,0,532,1447,1447,3142,1447,2035,762231
87,100663442,640,3953883,1447,1447,1904,1447,2010,841154
88,100663443,64,146931,1447,1447,2106,1447,2170,753559
89,100663444,64,14957,1447,1447,1815,1447,2019,638741
90,100663445,0,269,1447,1447,1937,1447,2010,614955
91,100663446,0,99,1447,1447,3131,1447,2035,762231
92,100663447,0,725,1447,1447,1937,1447,2010,614955
93,100663448,0,34,1447,1447,3142,1447,2035,762231
94,100663449,0,1450,1447,1447,2322,1447,2392,831677
95,100663451,0,25,1447,1447,3142,1447,2035,762231
96,100663453,320,1081688,1447,1447,2186,1447,2392,831677
97,100663454,64,22156,1447,1093,2143,1050,2022,500120
98,100663455,0,33,1447,1447,3131,1447,2035,762231
99,100663456,0,1079,1447,1447,1937,1447,2010,614955
100,100663457,0,352,1447,1447,3131,1447,2035,762231
101,100663458,64,14167,1447,1447,1632,1447,2023,881083
102,100663459,64,9775,1447,1447,1815,1447,2019,638741
103,100663460,0,94,1447,1447,3142,1447,2035,762231
104,100663461,64,5496,1447,1447,1937,1447,2010,614955
105,100663462,192,355570,1447,1447,3142,1447,2035,762231
106,100663463,64,109019,1447,1447,2106,1447,2170,753559
107,100663464,64,27688,1447,1093,2143,1050,2022,500120
108,100663465,64,19241,1447,1447,1815,1447,2019,638741
109,100663466,64,17645,1447,1447,1815,1447,2019,638741
110,100663467,64,70260,1447,1447,2106,1447,2170,753559
111,100663468,2816,5866950,1447,1447,1904,1447,2010,841154
112,100663469,8192,11483656,1447,1447,1540,1447,2003,785573
113,100663470,64,32807,1447,1447,1632,1447,2023,881083
114,100663471,960,2400362,1447,1447,2186,1447,2392,831677
115,100663472,64,24614,1447,1093,2143,1050,2022,500120
116,100663474,64,4110,1447,1447,1937,1447,2010,614955
117,100663475,0,1850,1447,1447,3142,1447,2035,762231
118,100663476,0,527,1447,1447,1937,1447,2010,614955
119,100663477,0,198,1447,1447,3142,1447,2035,762231
120,100663478,0,1520,1447,1447,1632,1447,2023,881083
121,100663479,0,377,1447,1447,1937,1447,2010,614955
122,100663480,0,1,1447,1447,3142,1447,2035,762231
123,100663481,64,29819,1447,1447,1632,1447,2023,881083
124,100663482,64,9141,1447,1447,2106,1447,2170,753559
125,100663483,64,15184,1447,1447,1815,1447,2019,638741
126,100663484,0,418,1447,1447,1937,1447,2010,614955
127,100663485,0,2560,1447,1447,3131,1447,2035,762231
128,100663486,0,1503,1447,1447,1632,1447,2023,881083
129,100663488,0,2679,1447,1447,1632,1447,2023,881083
130,100663489,0,2216,1447,1447,1937,1447,2010,614955
131,100663490,0,2560,1447,1447,3131,1447,2035,762231
132,100663491,64,14275,1447,1447,1632,1447,2023,881083
133,100663492,0,3106,1447,1447,3142,1447,2035,762231
134,100663493,0,2199,1447,1447,1937,1447,2010,614955
135,100663494,64,30693,1447,1093,2143,1050,2022,500120
136,100663495,0,73,1447,1447,3142,1447,2035,762231
137,100663496,0,2127,1447,1447,1937,1447,2010,614955
138,100663497,0,0,1447,1447,3131,1487,2035,762231
139,100663498,0,2900,1447,1447,1937,1447,2010,614955
140,100663499,64,46809,1447,1093,2143,1050,2022,500120
141,100663500,0,0,1447,1447,2518,1509,2069,1000000092
142,100663501,0,999,1447,1447,3142,1447,2035,762231
143,100663502,0,2517,1447,1447,2518,1447,2069,1000000092
144,100663503,0,172,1447,1447,3142,1447,2035,762231
145,100663504,576,5356445,1447,1447,1904,1447,2010,841154
146,100663505,0,247,1447,1447,2519,1447,2069,1000000092
147,100663506,64,6666,1447,1447,1937,1447,2010,614955
148,100663507,64,79768,1447,1447,2186,1447,2392,831677
149,100663508,0,2560,1447,1447,3131,1447,2035,762231
150,100663509,64,74260,1447,1447,2106,1447,2170,753559
151,100663510,64,189654,1447,1447,2518,1447,2069,1000000092
152,100663511,0,2533,1447,1447,3142,1447,2035,762231
153,100663512,0,714,1447,1447,3142,1447,2035,762231
154,100663514,64,36032,1447,1093,2143,1050,2022,500120
155,100663515,0,1796,1447,1447,3142,1447,2035,762231
156,100663516,64,15141,1447,1447,1815,1447,2019,638741
157,100663517,0,2066,1447,1447,1937,1447,2010,614955
158,100663518,0,45,1447,1447,2518,1447,2069,1000000092
159,100663519,64,14232,1447,1447,1632,1447,2023,881083
160,100663520,64,20970,1447,1093,2143,1050,2022,500120
161,100663521,0,2102,1447,1447,3142,1447,2035,762231
162,100663522,64,7841,1447,1447,1937,1447,2010,614955
163,100663523,0,39,1447,1447,2518,1447,2069,1000000092
164,100663524,0,1000,1447,1447,3142,1447,2035,762231
165,100663525,2688,5906515,1447,1447,1904,1447,2010,841154
166,100663526,64,4731,1447,1447,3142,1447,2035,762231
167,100663527,128,184930,1447,1447,2106,1447,2170,753559
168,100663528,64,20625,1447,1447,2518,1447,2069,1000000092
169,100663530,64,6134,1447,1447,2322,1447,2392,831677
170,100663531,64,4019,1447,1447,1937,1447,2010,614955
171,100663532,0,2514,1447,1447,1632,1447,2023,881083
172,100663533,0,1378,1447,1447,3142,1447,2035,762231
173,100663534,64,19018,1447,1447,1815,1447,2019,638741
174,100663535,0,439,1447,1447,3142,1447,2035,762231
175,100663536,0,1229,1447,1447,1632,1447,2023,881083
176,100663537,0,1907,1447,1447,1937,1447,2010,614955
177,100663538,64,6326,1447,1447,2322,1447,2392,831677
178,100663539,0,1471,1447,1447,3142,1447,2035,762231
179,100663540,64,15677,1447,1447,1632,1447,2023,881083
180,100663542,64,8891,1447,1447,1937,1447,2010,614955
181,100663543,0,199,1447,1447,2518,1447,2069,1000000092
182,100663544,64,26649,1447,1093,2143,1050,2022,500120
183,100663545,0,179,1447,1447,2518,1447,2069,1000000092
184,100663546,0,2065,1447,1447,3142,1447,2035,762231
185,100663547,0,447,1447,1447,2518,1447,2069,1000000092
186,100663548,0,937,1447,1447,3142,1447,2035,762231
187,100663549,64,3904,1447,1447,1937,1447,2010,614955
188,100663551,0,76,1447,1447,2518,1447,2069,1000000092
189,100663552,0,1302,1447,1447,3142,1447,2035,762231
190,100663553,64,163641,1447,1447,2106,1447,2170,753559
191,100663554,0,1566,1447,1447,1937,1447,2010,614955
192,100663555,0,1282,1447,1447,1554,1447,2003,785573
193,100663556,0,51,1447,1447,2518,1447,2069,1000000092
194,100663557,0,643,1447,1447,3142,1447,2035,762231
195,100663558,64,4846,1447,1447,1937,1447,2010,614955
196,100663560,64,21870,1447,1447,2518,1447,2069,1000000092
197,100663561,64,18331,1447,1093,2143,1050,2022,500120
198,100663562,0,437,1447,1447,3142,1447,2035,762231
199,100663563,576,3834637,1447,1447,1904,1447,2010,841154
200,100663565,0,266,1447,1447,3142,1447,2035,762231
201,100663566,64,5269,1447,1447,1632,1447,2023,881083
202,100663567,64,15147,1447,1447,1815,1447,2019,638741
203,100663568,64,7893,1447,1447,1937,1447,2010,614955
204,100663570,0,569,1447,1447,3142,1447,2035,762231
205,100663571,64,3976,1447,1447,1540,1447,2003,785573
206,100663572,0,340,1447,1447,3142,1447,2035,762231
207,100663573,64,8931,1447,1447,1815,1447,2019,638741
208,100663574,64,3900,1447,1447,2322,1447,2392,831677
209,100663575,64,21072,1447,1093,2143,1050,2022,500120
210,100663576,0,1536,1447,1447,2518,1447,2069,1000000092
211,100663577,0,454,1447,1447,3142,1447,2035,762231
212,100663578,0,7,1447,1447,2519,1447,2069,1000000092
213,100663579,64,3859,1447,1447,2322,1447,2392,831677
214,100663580,128,273526,1447,1447,2106,1447,2170,753559
215,100663581,0,349,1447,1447,3142,1447,2035,762231
216,100663582,20224,20657056,1447,1447,2518,1447,2069,1000000092
217,100663583,0,199,1447,1447,3142,1447,2035,762231
218,100663584,64,7134,1447,1447,2322,1447,2392,831677
219,100663585,0,3450,1447,1447,1632,1447,2023,881083
220,100663586,64,9468,1447,1447,2106,1447,2170,753559
221,100663587,0,2300,1447,1447,3142,1447,2035,762231
222,100663588,64,14535,1447,1447,1632,1447,2023,881083
223,100663589,64,7910,1447,1447,3142,1447,2035,762231
224,100663590,64,3844,1447,1447,2322,1447,2392,831677
225,100663591,64,4534,1447,1447,1632,1447,2023,881083
226,100663592,64,4304,1447,1447,2106,1447,2170,753559
227,100663593,0,3701,1447,1447,2322,1447,2392,831677
228,100663594,0,2049,1447,1447,3142,1447,2035,762231
229,100663595,64,9583,1447,1447,1937,1447,2010,614955
230,100663596,64,16894,1447,1447,1815,1447,2019,638741
231,100663597,64,31197,1447,1093,2143,1050,2022,500120
232,100663598,64,6511,1447,1447,2322,1447,2392,831677
233,100663599,0,1147,1447,1447,3142,1447,2035,762231
234,100663600,64,7840,1447,1447,1540,1447,2003,785573
235,100663602,0,932,1447,1447,3142,1447,2035,762231
236,100663604,0,1871,1447,1447,1937,1447,2010,614955
237,100663606,0,1480,1447,1447,3142,1447,2035,762231
238,100663608,0,1254,1447,1447,1937,1447,2010,614955
239,100663609,0,581,1447,1447,3142,1447,2035,762231
240,100663610,64,6896,1447,1447,1540,1447,2003,785573
241,100663611,64,28520,1447,1447,1632,1447,2023,881083
242,100663612,64,28918,1447,1093,2143,1050,2022,500120
243,100663614,0,1714,1447,1447,3142,1447,2035,762231
244,100663615,64,19669,1447,1447,1815,1447,2019,638741
245,100663616,64,4126,1447,1447,2106,1447,2170,753559
246,100663617,64,7955,1447,1447,1937,1447,2010,614955
247,100663619,0,340,1447,1447,3142,1447,2035,762231
248,100663621,0,2464,1447,1447,1540,1447,2003,785573
249,100663622,0,2452,1447,1093,2143,1050,2022,500120
250,100663623,0,2316,1447,1447,3142,1447,2035,762231
251,100663624,64,8176,1447,1447,1540,1447,2003,785573
252,100663625,0,2670,1447,1447,1937,1447,2010,614955
253,100663626,0,990,1447,1447,3142,1447,2035,762231
254,100663628,0,1253,1447,1447,1937,1447,2010,614955
255,100663629,64,7003,1447,1447,2322,1447,2392,831677
256,100663630,0,295,1447,1447,3142,1447,2035,762231
257,100663631,64,27513,1447,1093,2143,1050,2022,500120
258,100663634,64,4760,1447,1447,1937,1447,2010,614955
259,100663635,0,1852,1447,1447,3142,1447,2035,762231
260,100663636,0,215,1447,1447,3142,1447,2035,762231
261,100663639,64,8937,1447,1447,1815,1447,2019,638741
262,100663640,0,3747,1447,1447,2322,1447,2392,831677
263,100663642,64,5630,1447,1447,1937,1447,2010,614955
264,100663643,64,3968,1447,1447,2322,1447,2392,831677
265,100663646,64,29384,1447,1447,1632,1447,2023,881083
266,100663647,0,2003,1447,1447,3142,1447,2035,762231
267,100663649,64,4400,1447,1447,1937,1447,2010,614955
268,100663651,64,6816,1447,1447,1540,1447,2003,785573
269,100663652,0,447,1447,1447,3142,1447,2035,762231
270,100663653,64,9464,1447,1447,1815,1447,2019,638741
271,100663655,64,12925,1447,1093,2143,1050,2022,500120
272,100663658,0,245,1447,1447,3142,1447,2035,762231
273,100663659,64,4696,1447,1447,1937,1447,2010,614955
274,100663661,64,46224,1447,1447,2262,1447,2170,753559
275,100663662,0,3750,1447,1447,2322,1447,2392,831677
276,100663663,0,1533,1447,1447,3142,1447,2035,762231
277,100663664,0,3119,1447,1447,2322,1447,2392,831677
278,100663665,64,12892,1447,1447,3142,1447,2035,762231
279,100663666,64,3977,1447,1447,2322,1447,2392,831677
280,100663668,64,19577,1447,1447,1815,1447,2019,638741
281,100663670,64,7149,1447,1447,2322,1447,2392,831677
282,100663672,64,14984,1447,1447,1540,1447,2003,785573
283,100663676,0,733,1447,1447,1937,1447,2010,614955
284,100663678,64,20456,1447,1447,1632,1447,2023,881083
285,100663679,0,47,1447,1447,1937,1447,2010,614955
286,100663681,64,6628,1447,1447,1937,1447,2010,614955
287,100663682,5696,5824072,1447,1447,2518,1447,2069,1000000092
288,100663683,64,14337,1447,1093,2143,1050,2022,500120
289,100663685,64,38546,1447,1447,2262,1447,2170,753559
290,100663686,64,26568,1447,1447,1540,1447,2003,785573
291,100663687,64,22267,1447,1447,1815,1447,2019,638741
292,100663689,0,3734,1447,1447,2322,1447,2392,831677
293,100663692,0,141,1447,1447,2322,1447,2392,831677
294,100663694,64,6421,1447,1447,2322,1447,2392,831677
295,100663697,64,10568,1447,1447,1540,1447,2003,785573
296,100663698,0,1222,1447,1447,1632,1447,2023,881083
297,100663699,0,295,1447,1447,1937,1447,2010,614955
298,100663701,64,11280,1447,1447,1632,1447,2023,881083
299,100663703,64,37344,1447,1093,2143,1050,2022,500120
300,100663704,64,21986,1447,1447,2262,1447,2170,753559
301,100663705,64,15210,1447,1447,1937,1447,2010,614955
302,100663707,0,33,1447,1447,3131,1447,2035,762231
303,100663710,0,33,1447,1447,3131,1447,2035,762231
304,100663713,0,17,1447,1447,3142,1447,2035,762231
305,100663715,0,3143,1447,1447,2322,1447,2392,831677
306,100663716,64,21852,1447,1093,2143,1050,2022,500120
307,100663717,64,17560,1447,1447,1540,1447,2003,785573
308,100663718,0,280,1447,1447,3142,1447,2035,762231
309,100663720,64,15300,1447,1447,1815,1447,2019,638741
310,100663721,64,61792,1447,1447,2262,1447,2170,753559
311,100663723,0,1815,1447,1447,3142,1447,2035,762231
312,100663725,64,62176,1447,1447,2186,1447,2392,831677
313,100663727,0,532,1447,1447,3142,1447,2035,762231
314,100663729,0,913,1447,1447,1937,1447,2010,614955
315,100663731,0,613,1447,1447,3142,1447,2035,762231
316,100663733,0,2260,1447,1447,1937,1447,2010,614955
317,100663735,0,20,1447,1447,3131,1447,2035,762231
318,100663737,0,2934,1447,1447,1632,1447,2023,881083
319,100663738,0,377,1447,1447,1937,1447,2010,614955
320,100663739,0,190,1447,1447,3142,1447,2035,762231
321,100663741,64,5144,1447,1447,1540,1447,2003,785573
322,100663743,0,406,1447,1447,1937,1447,2010,614955
323,100663744,0,1850,1447,1447,3142,1447,2035,762231
324,100663745,64,6210,1447,1447,1632,1447,2023,881083
325,100663746,0,2557,1447,1447,3142,1447,2035,762231
326,100663747,64,15520,1447,1447,1540,1447,2003,785573
327,100663748,64,23227,1447,1093,2143,1050,2022,500120
328,100663750,0,50,1447,1447,3142,1447,2035,762231
329,100663751,0,1874,1447,1447,1937,1447,2010,614955
330,100663752,64,35162,1447,1447,2518,1447,2069,1000000092
331,100663753,64,4688,1447,1447,1540,1447,2003,785573
332,100663755,0,24,1447,1447,3142,1447,2035,762231
333,100663756,0,1573,1447,1447,1937,1447,2010,614955
334,100663760,64,32503,1447,1447,3142,1447,2035,762231
335,100663762,0,3666,1447,1447,1937,1447,2010,614955
336,100663763,64,7242,1447,1447,1815,1447,2019,638741
337,100663764,0,1688,1447,1447,2391,1447,2170,753559
338,100663765,128,152168,1447,1447,1540,1447,2003,785573
339,100663767,64,6746,1447,1447,1632,1447,2023,881083
340,100663768,64,5098,1447,1447,1937,1447,2010,614955
341,100663769,0,50,1447,1447,2322,1447,2392,831677
342,100663770,192,139671,1447,1447,2264,1447,2170,753559
343,100663772,0,59,1447,1447,2322,1447,2392,831677
344,100663773,64,59342,1447,1093,2143,1050,2022,500120
345,100663774,64,8960,1447,1447,1815,1447,2019,638741
346,100663775,0,58,1447,1447,2322,1447,2392,831677
347,100663776,0,41,1447,1447,2518,1447,2069,1000000092
348,100663778,64,19776,1447,1447,1815,1447,2019,638741
349,100663780,5632,5734792,1447,1447,2518,1447,2069,1000000092
350,100663783,0,161,1447,1447,2896,1447,2392,831677
351,100663788,64,11677,1447,1447,1937,1447,2010,614955
352,100663790,0,23,1447,1447,2322,1447,2392,831677
353,100663791,64,5472,1447,1447,1540,1447,2003,785573
354,100663792,0,2113,1447,1447,2262,1447,2170,753559
355,100663795,0,59,1447,1447,2322,1447,2392,831677
356,100663796,64,6810,1447,1447,2262,1447,2170,753559
357,100663797,64,3817,1447,1447,1632,1447,2023,881083
358,100663799,64,12811,1447,1447,1632,1447,2023,881083
359,100663800,0,16,1447,1447,3142,1447,2035,762231
360,100663802,64,11584,1447,1447,1540,1447,2003,785573
361,100663804,64,7108,1447,1447,2262,1447,2170,753559
362,100663805,0,783,1447,1447,3142,1447,2035,762231
363,100663808,0,10,1447,1447,2322,1447,2392,831677
364,100663809,64,13826,1447,1093,2143,1050,2022,500120
365,100663810,0,762,1447,1447,3142,1447,2035,762231
366,100663811,0,125,1447,1447,2322,1447,2392,831677
367,100663813,64,10904,1447,1447,1540,1447,2003,785573
368,100663814,0,376,1447,1447,3131,1447,2035,762231
369,100663816,64,13089,1447,1447,2721,1447,2392,831677
370,100663817,64,31806,1447,1447,1815,1447,2019,638741
371,100663818,64,4038,1447,1447,1937,1447,2010,614955
372,100663820,0,26,1447,1447,3142,1447,2035,762231
373,100663823,64,50234,1447,1447,2264,1447,2170,753559
374,100663824,0,2560,1447,1447,3131,1447,2035,762231
375,100663827,0,1248,1447,1447,1540,1447,2003,785573
376,100663828,8448,8606852,1447,1447,2525,1447,2069,1000000092
377,100663830,64,108530,1447,1447,3142,1447,2035,762231
378,100663831,0,1764,1447,1447,1937,1447,2010,614955
379,100663832,64,29266,1447,1093,2143,1050,2022,500120
380,100663835,64,4664,1447,1447,1540,1447,2003,785573
381,100663837,0,1242,1447,1447,1632,1447,2023,881083
382,100663838,0,3395,1447,1447,1937,1447,2010,614955
383,100663841,0,372,1447,1447,1632,1447,2023,881083
384,100663842,64,5407,1447,1447,1937,1447,2010,614955
385,100663843,0,0,1447,1447,1540,1509,2003,785573
386,100663846,64,22972,1447,1093,2143,1050,2022,500120
387,100663847,0,30,1447,1447,3142,1447,2035,762231
388,100663848,64,17214,1447,1447,1815,1447,2019,638741
389,100663852,0,2422,1447,1447,1632,1447,2023,881083
390,100663853,0,1149,1447,1447,2721,1447,2392,831677
391,100663855,0,2573,1447,1447,3142,1447,2035,762231
392,100663856,0,2292,1447,1447,1554,1447,2003,785573
393,100663858,0,457,1447,1447,1632,1447,2023,881083
394,100663859,64,46628,1447,1447,3142,1447,2035,762231
395,100663861,0,428,1447,1447,2322,1447,2392,831677
396,100663864,64,4978,1447,1447,1632,1447,2023,881083
397,100663868,64,20189,1447,1447,1815,1447,2019,638741
398,100663870,64,21366,1447,1093,2143,1050,2022,500120
399,100663871,0,2629,1447,1447,2262,1447,2170,753559
400,100663874,64,65216,1447,1447,1540,1447,2003,785573
401,100663875,0,23,1447,1447,2322,1447,2392,831677
402,100663878,0,2737,1447,1447,1937,1447,2010,614955
403,100663879,64,48924,1447,1447,2262,1447,2170,753559
404,100663880,0,373,1447,1447,1632,1447,2023,881083
405,100663882,64,19739,1447,1447,1632,1447,2023,881083
406,100663884,0,59,1447,1447,2322,1447,2392,831677
407,100663885,64,46351,1447,1447,3142,1447,2035,762231
408,100663887,64,18466,1447,1447,1815,1447,2019,638741
409,100663888,0,565,1447,1447,1937,1447,2010,614955
410,100663889,0,10,1447,1447,2322,1447,2392,831677
411,100663891,64,21291,1447,1093,2143,1050,2022,500120
412,100663893,0,3478,1447,1447,1937,1447,2010,614955
413,100663894,0,61,1447,1447,2322,1447,2392,831677
414,100663896,64,26996,1447,1093,2143,1050,2022,500120
415,100663899,0,82,1447,1447,2322,1447,2392,831677
416,100663900,64,83360,1447,1447,1540,1447,2003,785573
417,100663902,0,524,1447,1447,2322,1447,2392,831677
418,100663904,0,1585,1447,1447,1937,1447,2010,614955
419,100663906,64,17796,1447,1447,2262,1447,2170,753559
420,100663908,0,418,1447,1447,2322,1447,2392,831677
421,100663909,0,222,1447,1447,3142,1447,2035,762231
422,100663911,0,389,1447,1447,1937,1447,2010,614955
423,100663912,0,514,1447,1447,2322,1447,2392,831677
424,100663914,0,145,1447,1447,2380,1447,2170,753559
425,100663915,0,3,1447,1447,3142,1447,2035,762231
426,100663916,0,2501,1447,1447,1632,1447,2023,881083
427,100663918,0,2101,1447,1447,1937,1447,2010,614955
428,100663919,0,58,1447,1447,3142,1447,2035,762231
429,100663921,0,531,1447,1447,1632,1447,2023,881083
430,100663922,64,12808,1447,1447,2262,1447,2170,753559
431,100663923,0,789,1447,1447,1937,1447,2010,614955
432,100663924,64,16724,1447,1447,1815,1447,2019,638741
433,100663926,896,1709508,1447,1447,1905,1447,2010,841154
434,100663927,0,57,1447,1447,3142,1447,2035,762231
435,100663928,0,3421,1447,1447,1632,1447,2023,881083
436,100663929,320,699272,1447,1447,3045,1447,2392,831677
437,100663930,0,886,1447,1447,1937,1447,2010,614955
438,100663931,64,15105,1447,1093,2143,1050,2022,500120
439,100663932,0,20,1447,1447,3142,1447,2035,762231
440,100663933,64,17790,1447,1447,1632,1447,2023,881083
441,100663934,0,1449,1447,1447,1937,1447,2010,614955
442,100663935,64,11466,1447,1447,2262,1447,2170,753559
443,100663937,0,34,1447,1447,3142,1447,2035,762231
444,100663938,0,1509,1447,1447,1554,1447,2003,785573
445,100663939,64,13017,1447,1447,1632,1447,2023,881083
446,100663940,0,1118,1447,1447,1937,1447,2010,614955
447,100663941,0,19,1447,1447,3142,1447,2035,762231
448,100663943,0,20,1447,1447,3142,1447,2035,762231
449,100663946,0,37,1447,1447,3142,1447,2035,762231
450,100663947,0,300,1447,1447,1937,1447,2010,614955
451,100663948,192,427512,1447,1447,2525,1447,2069,1000000092
452,100663949,8192,10136312,1447,1447,1540,1447,2003,785573
453,100663950,0,16,1447,1447,3142,1447,2035,762231
454,100663951,0,337,1447,1447,2262,1447,2170,753559
455,100663952,0,23,1447,1447,3142,1447,2035,762231
456,100663953,0,275,1447,1447,1937,1447,2010,614955
457,100663954,64,40842,1447,1447,2262,1447,2170,753559
458,100663955,64,17870,1447,1447,1815,1447,2019,638741
459,100663956,0,15,1447,1447,3142,1447,2035,762231
460,100663957,64,3958,1447,1447,1937,1447,2010,614955
461,100663958,0,30,1447,1447,3142,1447,2035,762231
462,100663959,64,26532,1447,1093,2143,1050,2022,500120
463,100663960,64,11744,1447,1447,2264,1447,2170,753559
464,100663961,0,44,1447,1447,3131,1447,2035,762231
465,100663962,0,19,1447,1447,3142,1447,2035,762231
466,100663963,0,20,1447,1447,3131,1447,2035,762231
467,100663964,64,18285,1447,1447,1815,1447,2019,638741
468,100663965,64,10145,1447,1447,3142,1447,2035,762231
469,100663966,0,1187,1447,1447,1937,1447,2010,614955
470,100663967,0,141,1447,1447,3142,1447,2035,762231
471,100663968,0,629,1447,1447,1937,1447,2010,614955
472,100663969,0,8,1447,1447,3131,1447,2035,762231
473,100663970,640,3844818,1447,1447,1904,1447,2010,841154
474,100663971,0,26,1447,1447,3142,1447,2035,762231
475,100663972,0,50,1447,1447,3142,1447,2035,762231
476,100663973,64,16644,1447,1093,2143,1050,2022,500120
477,100663974,64,15406,1447,1447,1815,1447,2019,638741
478,100663975,0,503,1447,1447,1937,1447,2010,614955
479,100663976,0,46,1447,1447,2262,1447,2170,753559
480,100663977,64,5892,1447,1447,3142,1447,2035,762231
481,100663978,0,295,1447,1447,1937,1447,2010,614955
482,100663979,64,16592,1447,1447,2262,1447,2170,753559
483,100663980,0,3335,1447,1447,2525,1447,2069,1000000092
484,100663981,0,907,1447,1447,1937,1447,2010,614955
485,100663982,64,60408,1447,1447,2525,1447,2069,1000000092
486,100663983,0,252,1447,1447,1937,1447,2010,614955
487,100663984,64,21063,1447,1093,2143,1050,2022,500120
488,100663985,0,579,1447,1447,1937,1447,2010,614955
489,100663986,0,464,1447,1447,1937,1447,2010,614955
490,100663987,64,8228,1447,1447,1632,1447,2023,881083
491,100663988,0,612,1447,1447,1937,1447,2010,614955
492,100663989,0,2952,1447,1447,1937,1447,2010,614955
493,100663990,0,58,1447,1447,2391,1447,2170,753559
494,100663991,0,520,1447,1447,1937,1447,2010,614955
495,100663992,64,17629,1447,1447,1815,1447,2019,638741
496,100663993,0,1478,1447,1447,2262,1447,2170,753559
497,100663994,0,564,1447,1447,1937,1447,2010,614955
498,100663995,0,2594,1447,1447,3142,1447,2035,762231
499,100663996,0,333,1447,1447,1937,1447,2010,614955
500,100663997,0,167,1447,1447,2262,1447,2170,753559
501,100663998,64,491139,1447,1447,1904,1447,2010,841154
502,100663999,64,20518,1447,1447,1632,1447,2023,881083
503,100664000,64,24369,1447,1093,2143,1050,2022,500120
504,100664001,0,1250,1447,1447,3142,1447,2035,762231
505,100664002,0,986,1447,1447,1937,1447,2010,614955
506,100664003,0,2920,1447,1447,2525,1447,2069,1000000092
507,100664004,0,2313,1447,1447,2262,1447,2170,753559
508,100664005,0,44,1447,1447,3142,1447,2035,762231
509,100664006,64,208884,1447,1447,2525,1447,2069,1000000092
510,100664007,0,683,1447,1447,1937,1447,2010,614955
511,100664008,0,169,1447,1447,2262,1447,2170,753559
512,100664009,0,690,1447,1447,3142,1447,2035,762231
513,100664010,0,394,1447,1447,1937,1447,2010,614955
514,100664011,0,767,1447,1447,2262,1447,2170,753559
515,100664012,0,299,1447,1447,1937,1447,2010,614955
516,100664013,0,173,1447,1447,3142,1447,2035,762231
517,100664015,0,1029,1447,1447,1937,1447,2010,614955
518,100664016,64,7502,1447,1447,1937,1447,2010,614955
519,100664017,0,18,1447,1447,3142,1447,2035,762231
520,100664018,0,33,1447,1447,3131,1447,2035,762231
521,100664019,0,1217,1447,1447,2262,1447,2170,753559
522,100664020,64,11677,1447,1447,1632,1447,2023,881083
523,100664021,0,1136,1447,1447,2262,1447,2170,753559
524,100664022,0,1439,1447,1447,3142,1447,2035,762231
525,100664023,0,1,1447,1447,2265,1447,2170,753559
526,100664024,0,10,1447,1447,3142,1447,2035,762231
527,100664025,0,1,1447,1447,2262,1447,2170,753559
528,100664026,0,36,1447,1447,3142,1447,2035,762231
529,100664027,0,470,1447,1447,1937,1447,2010,614955
530,100664028,0,489,1447,1447,1937,1447,2010,614955
531,100664029,0,206,1447,1447,1937,1447,2010,614955
532,100664030,0,9,1447,1447,2262,1447,2170,753559
533,100664031,0,3104,1447,1447,3142,1447,2035,762231
534,100664032,64,4695,1447,1093,2143,1050,2022,500120
535,100664033,0,424,1447,1447,1937,1447,2010,614955
536,100664034,0,56,1447,1447,2525,1447,2069,1000000092
537,100664035,0,10,1447,1447,2262,1447,2170,753559
538,100664036,0,384,1447,1447,3131,1447,2035,762231
539,100664037,0,41,1447,1447,2525,1447,2069,1000000092
540,100664038,0,315,1447,1447,1937,1447,2010,614955
541,100664039,64,17983,1447,1447,1815,1447,2019,638741
542,100664040,0,33,1447,1447,3131,1447,2035,762231
543,100664041,0,2389,1447,1447,2525,1447,2069,1000000092
544,100664042,64,11984,1447,1447,1632,1447,2023,881083
545,100664044,576,4146859,1447,1447,1904,1447,2010,841154
546,100664045,0,1056,1447,1447,1937,1447,2010,614955
547,100664046,64,8124,1447,1447,1815,1447,2019,638741
548,100664047,0,689,1447,1447,2525,1447,2069,1000000092
549,100664048,0,1848,1447,1447,2262,1447,2170,753559
550,100664049,0,360,1447,1447,3131,1447,2035,762231
551,100664050,0,1020,1447,1447,1937,1447,2010,614955
552,100664051,128,303604,1447,1447,2525,1447,2069,1000000092
553,100664052,64,9938,1447,1093,2143,1050,2022,500120
554,100664053,0,232,1447,1447,2262,1447,2170,753559
555,100664054,0,2415,1447,1447,1632,1447,2023,881083
556,100664055,0,33,1447,1447,3131,1447,2035,762231
557,100664056,0,1392,1447,1447,1937,1447,2010,614955
558,100664057,0,1744,1447,1447,2391,1447,2170,753559
559,100664059,64,5675,1447,1447,1632,1447,2023,881083
560,100664060,0,352,1447,1447,3131,1447,2035,762231
561,100664061,0,1904,1447,1447,1937,1447,2010,614955
562,100664062,0,240,1447,1447,2262,1447,2170,753559
563,100664063,0,24,1447,1447,2322,1447,2392,831677
564,100664064,0,143,1447,1447,3142,1447,2035,762231
565,100664065,0,404,1447,1447,1937,1447,2010,614955
566,100664066,0,3631,1447,1447,2262,1447,2170,753559
567,100664067,0,60,1447,1447,2319,1447,2392,831677
568,100664068,64,35362,1447,1447,3142,1447,2035,762231
569,100664069,0,1550,1447,1447,1937,1447,2010,614955
570,100664070,0,105,1447,1447,2319,1447,2392,831677
571,100664071,64,12087,1447,1447,2525,1447,2069,1000000092
572,100664072,0,490,1447,1447,1937,1447,2010,614955
573,100664074,64,11382,1447,1093,2143,1050,2022,500120
574,100664075,0,10,1447,1447,2322,1447,2392,831677
575,100664076,64,10344,1447,1447,1815,1447,2019,638741
576,100664078,0,654,1447,1447,1937,1447,2010,614955
577,100664079,0,692,1447,1447,2322,1447,2392,831677
578,100664080,64,5875,1447,1093,2143,1050,2022,500120
579,100664081,64,13338,1447,1447,2234,1447,2170,753559
580,100664082,0,1039,1447,1447,1937,1447,2010,614955
581,100664084,64,7970,1447,1447,1632,1447,2023,881083
582,100664085,0,2556,1447,1447,3142,1447,2035,762231
583,100664086,0,1314,1447,1447,1937,1447,2010,614955
584,100664088,64,30567,1447,1447,2961,1447,2392,831677
585,100664090,0,198,1447,1447,3142,1447,2035,762231
586,100664091,128,196840,1447,1447,1540,1447,2003,785573
587,100664092,0,938,1447,1447,1937,1447,2010,614955
588,100664093,64,16115,1447,1447,1815,1447,2019,638741
589,100664094,0,687,1447,1447,3142,1447,2035,762231
590,100664095,0,368,1447,1447,1937,1447,2010,614955
591,100664096,2432,5816042,1447,1447,1904,1447,2010,841154
592,100664097,0,360,1447,1447,1937,1447,2010,614955
593,100664098,0,626,1447,1447,3142,1447,2035,762231
594,100664099,0,264,1447,1447,1937,1447,2010,614955
595,100664100,0,128,1447,1447,3142,1447,2035,762231
596,100664101,0,338,1447,1447,1937,1447,2010,614955
597,100664102,0,108,1447,1447,3142,1447,2035,762231
598,100664103,0,1781,1447,1447,1937,1447,2010,614955
599,100664104,64,9904,1447,1447,1815,1447,2019,638741
600,100664105,0,1274,1447,1447,1632,1447,2023,881083
601,100664106,64,10392,1447,1447,2525,1447,2069,1000000092
602,100664107,0,1878,1447,1447,3142,1447,2035,762231
603,100664108,64,7402,1447,1093,2143,1050,2022,500120
604,100664109,0,337,1447,1447,1937,1447,2010,614955
605,100664110,128,155008,1447,1447,1540,1447,2003,785573
606,100664111,64,7617,1447,1447,1632,1447,2023,881083
607,100664112,64,15310,1447,1447,1815,1447,2019,638741
608,100664113,0,151,1447,1447,3142,1447,2035,762231
609,100664114,0,565,1447,1447,1937,1447,2010,614955
610,100664115,0,162,1447,1447,3142,1447,2035,762231
611,100664116,0,1549,1447,1447,1937,1447,2010,614955
612,100664117,128,81701,1447,1447,2961,1447,2392,831677
613,100664118,0,1896,1447,1447,1937,1447,2010,614955
614,100664119,0,298,1447,1447,3142,1447,2035,762231
615,100664120,0,2317,1447,1447,1937,1447,2010,614955
616,100664121,0,98,1447,1447,3142,1447,2035,762231
617,100664122,64,4193,1447,1447,2234,1447,2170,753559
618,100664123,0,353,1447,1447,1937,1447,2010,614955
619,100664124,0,2622,1447,1447,3142,1447,2035,762231
620,100664125,0,307,1447,1447,1937,1447,2010,614955
621,100664126,0,93,1447,1447,3142,1447,2035,762231
622,100664127,0,1286,1447,1447,1937,1447,2010,614955
623,100664128,128,167872,1447,1447,1540,1447,2003,785573
624,100664129,0,170,1447,1447,3142,1447,2035,762231
625,100664130,64,25039,1447,1447,1632,1447,2023,881083
626,100664132,0,397,1447,1447,3142,1447,2035,762231
627,100664133,0,248,1447,1447,1937,1447,2010,614955
628,100664135,0,99,1447,1447,3142,1447,2035,762231
629,100664136,64,30629,1447,1447,2961,1447,2392,831677
630,100664137,64,10079,1281,1093,1281,1050,2022,500120
631,100664138,64,15575,1447,1447,1815,1447,2019,638741
632,100664140,0,3190,1447,1447,1937,1447,2010,614955
633,100664141,0,8,1447,1447,3131,1447,2035,762231
634,100664143,0,1855,1447,1447,1937,1447,2010,614955
635,100664144,0,2560,1447,1447,3131,1447,2035,762231
636,100664147,0,1321,1447,1447,1937,1447,2010,614955
637,100664148,0,228,1447,1447,3142,1447,2035,762231
638,100664150,64,7382,1447,1447,1937,1447,2010,614955
639,100664153,0,222,1447,1447,3142,1447,2035,762231
640,100664155,0,156,1447,1447,3142,1447,2035,762231
641,100664157,64,24255,1447,1093,2143,1050,2022,500120
642,100664159,64,9458,1281,1093,1281,1050,2022,500120
643,100664160,64,18481,1447,1447,1815,1447,2019,638741
644,100664161,0,326,1447,1447,3142,1447,2035,762231
645,100664163,0,282,1447,1447,3142,1447,2035,762231
646,100664164,256,556544,1447,1447,1540,1447,2003,785573
647,100664166,25024,25573268,1447,1447,2525,1447,2069,1000000092
648,100664167,64,4107,1447,1447,1807,1447,2019,638741
649,100664169,0,673,1447,1447,1632,1447,2023,881083
650,100664170,0,50,1447,1447,3142,1447,2035,762231
651,100664172,64,5530,1447,1447,1937,1447,2010,614955
652,100664174,64,4584,1447,1447,1632,1447,2023,881083
653,100664176,0,2,1447,1447,3142,1447,2035,762231
654,100664178,64,9842,1447,1447,1632,1447,2023,881083
655,100664183,0,42,1447,1447,2322,1447,2392,831677
656,100664184,0,198,1447,1447,3142,1447,2035,762231
657,100664186,64,5806,1447,1447,1937,1447,2010,614955
658,100664188,0,59,1447,1447,2322,1447,2392,831677
659,100664189,0,2544,1447,1093,2143,1050,2022,500120
660,100664190,0,3166,1447,1447,3142,1447,2035,762231
661,100664192,64,109192,1447,1447,1540,1447,2003,785573
662,100664194,0,10,1447,1447,2322,1447,2392,831677
663,100664195,64,39210,1447,1093,2143,1050,2022,500120
664,100664196,0,1626,1447,1447,3142,1447,2035,762231
665,100664198,0,467,1447,1447,1937,1447,2010,614955
666,100664199,0,618,1447,1447,2322,1447,2392,831677
667,100664200,0,602,1447,1447,3142,1447,2035,762231
668,100664203,64,8465,1447,1447,1937,1447,2010,614955
669,100664204,64,16659,1447,1447,3142,1447,2035,762231
670,100664205,64,30367,1447,1447,2961,1447,2392,831677
671,100664206,0,3211,1447,1447,1632,1447,2023,881083
672,100664209,64,28973,1447,1447,1632,1447,2023,881083
673,100664210,0,384,1447,1447,3131,1447,2035,762231
674,100664212,64,18923,1447,1447,1815,1447,2019,638741
675,100664213,0,50,1447,1447,3142,1447,2035,762231
676,100664216,64,6600,1447,1447,3131,1447,2035,762231
677,100664217,0,932,1447,1447,2234,1447,2170,753559
678,100664221,0,106,1447,1447,3142,1447,2035,762231
679,100664224,0,48,1447,1447,3142,1447,2035,762231
680,100664225,128,267752,1447,1447,1540,1447,2003,785573
681,100664226,64,12519,1447,1447,1815,1447,2019,638741
682,100664227,0,1896,1083,1083,1083,1083,2019,638741
683,100664228,0,309,1447,1447,2234,1447,2170,753559
684,100664231,0,3092,1447,1447,3142,1447,2035,762231
685,100664232,64,18166,1447,1093,2143,1050,2022,500120
686,100664233,128,80552,1447,1447,2961,1447,2392,831677
687,100664234,64,6156,1447,1447,1937,1447,2010,614955
688,100664237,0,2848,1447,1447,3131,1447,2035,762231
689,100664240,0,33,1447,1447,3131,1447,2035,762231
690,100664242,0,135,1447,1447,2234,1447,2170,753559
691,100664243,64,13876,1447,1447,1815,1447,2019,638741
692,100664245,0,225,1447,1447,2234,1447,2170,753559
693,100664246,192,417616,1447,1447,1540,1447,2003,785573
694,100664247,64,7372,1447,1447,1937,1447,2010,614955
695,100664248,0,27,1447,1447,3142,1447,2035,762231
696,100664249,0,1559,1447,1447,2234,1447,2170,753559
697,100664250,64,4931,1447,1447,1632,1447,2023,881083
698,100664253,64,110401,1447,1447,3142,1447,2035,762231
699,100664255,128,83211,1447,1447,2961,1447,2392,831677
700,100664258,0,372,1447,1447,2235,1447,2170,753559
701,100664259,64,8077,1447,1093,2143,1050,2022,500120
702,100664261,0,1773,1447,1447,1937,1447,2010,614955
703,100664262,0,807,1447,1447,2235,1447,2170,753559
704,100664263,64,18156,1447,1447,1815,1447,2019,638741
705,100664265,64,4961,1447,1447,1937,1447,2010,614955
706,100664267,0,107,1447,1447,2235,1447,2170,753559
707,100664270,0,1000,1447,1447,2234,1447,2170,753559
708,100664272,0,20,1447,1447,3131,1447,2035,762231
709,100664275,0,783,1447,1447,3142,1447,2035,762231
710,100664277,0,114,1447,1447,2234,1447,2170,753559
711,100664278,0,2521,1447,1447,3142,1447,2035,762231
712,100664279,0,1413,1447,1447,1937,1447,2010,614955
713,100664280,0,1132,1447,1447,2993,1447,2170,753559
714,100664281,64,9558,1447,1447,1632,1447,2023,881083
715,100664282,128,261456,1447,1447,1540,1447,2003,785573
716,100664284,0,17,1447,1447,3131,1447,2035,762231
717,100664285,0,3652,1447,1447,1937,1447,2010,614955
718,100664286,0,193,1447,1447,2234,1447,2170,753559
719,100664288,0,2816,1447,1447,1632,1447,2023,881083
720,100664289,0,3088,1447,1447,2234,1447,2170,753559
721,100664290,0,20,1447,1447,3131,1447,2035,762231
722,100664291,64,11697,1447,1447,1937,1447,2010,614955
723,100664293,64,7124,1447,1447,1815,1447,2019,638741
724,100664294,64,16138,1447,1447,1632,1447,2023,881083
725,100664295,0,3106,1447,1447,3142,1447,2035,762231
726,100664299,0,2569,1447,1447,3142,1447,2035,762231
727,100664301,0,0,1447,1093,2143,1506,2022,500120
728,100664303,0,66,1447,1447,3131,1447,2035,762231
729,100664306,64,8785,1447,1447,3142,1447,2035,762231
730,100664307,0,0,1447,1093,2143,1506,2022,500120
731,100664309,0,223,1447,1093,2143,1050,2022,500120
732,100664311,128,83936,1447,1447,2961,1447,2392,831677
733,100664312,64,176168,1447,1093,2143,1050,2022,500120
734,100664317,64,12593,1447,1447,1815,1447,2019,638741
735,100664319,64,10342,1447,1447,1632,1447,2023,881083
736,100664321,192,505688,1447,1447,1540,1447,2003,785573
737,100664322,0,232,1447,1447,2219,1447,2170,753559
738,100664323,64,30834,1447,1447,2961,1447,2392,831677
739,100664325,0,246,1447,1447,3142,1447,2035,762231
740,100664326,128,184931,1447,1447,2220,1447,2170,753559
741,100664329,64,5296,1447,1447,3131,1447,2035,762231
742,100664331,64,23076,1447,1093,2143,1050,2022,500120
743,100664332,64,9959,1447,1447,1815,1447,2019,638741
744,100664334,64,15539,1447,1447,1632,1447,2023,881083
745,100664336,0,829,1447,1447,1937,1447,2010,614955
746,100664338,64,4848,1447,1447,1937,1447,2010,614955
747,100664342,128,145448,1447,1447,1540,1447,2003,785573
748,100664347,64,45354,1447,1447,1632,1447,2023,881083
749,100664349,128,83320,1447,1447,2961,1447,2392,831677
750,100664350,0,2560,1447,1447,3131,1447,2035,762231
751,100664353,0,563,1447,1447,3142,1447,2035,762231
752,100664355,0,64,1447,1447,2525,1447,2069,1000000092
753,100664356,64,11339,1447,1447,2194,1447,2170,753559
754,100664357,0,1237,1447,1447,3142,1447,2035,762231
755,100664361,0,61,1447,1447,3142,1447,2035,762231
756,100664362,64,14120,1447,1447,2527,1447,2069,1000000092
757,100664364,64,19224,1447,1093,2143,1050,2022,500120
758,100664365,192,543648,1447,1447,1540,1447,2003,785573
759,100664366,0,206,1447,1447,3142,1447,2035,762231
760,100664368,64,35172,1447,1447,2220,1447,2170,753559
761,100664370,0,33,1447,1447,3131,1447,2035,762231
762,100664372,0,141,1447,1447,3142,1447,2035,762231
763,100664377,64,957344,1447,1447,3142,1447,2035,762231
764,100664378,0,1616,1447,1447,1632,1447,2023,881083
765,100664382,0,43,1447,1447,2322,1447,2392,831677
766,100664383,0,551,1447,1447,1937,1447,2010,614955
767,100664386,64,12850,1447,1447,1632,1447,2023,881083
768,100664389,0,59,1447,1447,2322,1447,2392,831677
769,100664391,64,17893,1447,1447,1819,1447,2019,638741
770,100664392,0,239,1447,1447,1937,1447,2010,614955
771,100664393,0,10,1447,1447,2322,1447,2392,831677
772,100664394,0,743,1447,1447,2194,1447,2170,753559
773,100664396,64,28460,1447,1093,2143,1050,2022,500120
774,100664399,0,20,1447,1447,2220,1447,2170,753559
775,100664400,0,626,1447,1447,2322,1447,2392,831677
776,100664401,0,1769,1447,1447,1937,1447,2010,614955
777,100664403,64,3782,1447,1447,2194,1447,2170,753559
778,100664404,128,164432,1447,1447,1540,1447,2003,785573
779,100664405,0,1225,1447,1447,1937,1447,2010,614955
780,100664406,64,30663,1447,1447,2961,1447,2392,831677
781,100664408,64,11352,1447,1447,2220,1447,2170,753559
782,100664409,0,2223,1447,1447,1937,1447,2010,614955
783,100664410,0,1323,1447,1447,1902,1447,2010,841154
784,100664411,0,2268,1447,1447,1937,1447,2010,614955
785,100664412,64,6640,1447,1447,1902,1447,2010,841154
786,100664413,64,8653,1447,1447,1632,1447,2023,881083
787,100664414,64,15466,1447,1447,1819,1447,2019,638741
788,100664415,0,817,1447,1447,1937,1447,2010,614955
789,100664416,64,5882,1447,1447,1937,1447,2010,614955
790,100664418,64,27892,1447,1093,2143,1050,2022,500120
791,100664419,0,762,1447,1447,3142,1447,2035,762231
792,100664420,0,390,1447,1447,3142,1447,2035,762231
793,100664421,0,1632,1447,1447,1937,1447,2010,614955
794,100664422,0,361,1447,1447,3142,1447,2035,762231
795,100664423,64,9763,1447,1447,1632,1447,2023,881083
796,100664424,0,877,1447,1447,1937,1447,2010,614955
797,100664425,64,60512,1447,1447,3142,1447,2035,762231
798,100664426,64,30456,1447,1447,2961,1447,2392,831677
799,100664427,192,384704,1447,1447,1540,1447,2003,785573
800,100664428,64,13905,1447,1447,1937,1447,2010,614955
801,100664429,64,16159,1447,1447,1716,1447,2003,697349
802,100664430,0,1521,1447,1447,2220,1447,2170,753559
803,100664431,64,89671,1447,1447,2526,1447,2069,1000000092
804,100664432,64,14767,1447,1447,1819,1447,2019,638741
805,100664433,0,1671,1447,1447,2194,1447,2170,753559
806,100664434,0,166,1447,1447,2194,1447,2170,753559
807,100664435,128,272259,1447,1447,2194,1447,2170,753559
808,100664436,64,23803,1447,1447,1902,1447,2010,841154
809,100664437,64,16159,1447,1447,1716,1447,2003,697349
810,100664438,64,7699,1447,1093,2143,1050,2022,500120
811,100664439,0,2906,1447,1447,1632,1447,2023,881083
812,100664440,64,12515,1447,1447,1819,1447,2019,638741
813,100664441,64,3947,1447,1447,1632,1447,2023,881083
814,100664442,0,366,1447,1447,3142,1447,2035,762231
815,100664443,256,228429,1447,1447,1900,1447,2010,841154
816,100664444,0,465,1447,1447,3142,1447,2035,762231
817,100664445,128,88020,1447,1447,3142,1447,2035,762231
818,100664446,128,84023,1447,1447,2961,1447,2392,831677
819,100664447,64,16654,1447,1447,1819,1447,2019,638741
820,100664448,0,686,1447,1447,2527,1447,2069,1000000092
821,100664449,0,3299,1447,1447,2219,1447,2170,753559
822,100664450,192,461248,1447,1447,1540,1447,2003,785573
823,100664451,64,208884,1447,1447,2525,1447,2069,1000000092
824,100664452,64,38776,1447,1447,2194,1447,2170,753559
825,100664453,0,0,1447,1447,1717,1510,2003,697349
826,100664454,384,701629,1447,1447,1717,1447,2003,697349
827,100664455,0,3229,1447,1447,1937,1447,2010,614955
828,100664456,128,81777,1447,1447,2961,1447,2392,831677
829,100664457,128,157779,1447,1447,3142,1447,2035,762231
830,100664458,0,222,1447,1093,2143,1050,2022,500120
831,100664459,0,3188,1447,1447,1937,1447,2010,614955
832,100664460,64,27312,1447,1093,2143,1050,2022,500120
833,100664462,448,1339872,1447,1447,1540,1447,2003,785573
834,100664463,0,92,1447,1447,1937,1447,2010,614955
835,100664464,64,32294,1447,1447,1819,1447,2019,638741
836,100664465,0,1037,1447,1447,1937,1447,2010,614955
837,100664467,0,681,1447,1447,1937,1447,2010,614955
838,100664468,64,31249,1447,1447,1632,1447,2023,881083
839,100664469,64,16159,1447,1447,1716,1447,2003,697349
840,100664471,0,410,1447,1447,3142,1447,2035,762231
841,100664472,64,5990,1447,1447,1937,1447,2010,614955
842,100664474,64,9747,1447,1447,3142,1447,2035,762231
843,100664476,0,2347,1447,1093,2143,1050,2022,500120
844,100664477,64,25348,1447,1447,1937,1447,2010,614955
845,100664478,64,18705,1447,1447,1819,1447,2019,638741
846,100664479,0,66,1447,1447,2525,1447,2069,1000000092
847,100664481,64,50414,1447,1093,2143,1050,2022,500120
848,100664482,25024,25573268,1447,1447,2525,1447,2069,1000000092
849,100664487,0,539,1447,1447,2194,1447,2170,753559
850,100664489,64,8517,1447,1447,2194,1447,2170,753559
851,100664493,0,1,1447,1447,2194,1447,2170,753559
852,100664494,0,249,1447,1447,1937,1447,2010,614955
853,100664495,0,277,1447,1447,3142,1447,2035,762231
854,100664497,128,300368,1447,1447,1540,1447,2003,785573
855,100664498,0,5,1447,1447,2194,1447,2170,753559
856,100664499,0,579,1447,1447,1937,1447,2010,614955
857,100664501,64,17908,1447,1447,3142,1447,2035,762231
858,100664503,0,3437,1447,1447,1937,1447,2010,614955
859,100664504,0,47,1447,1447,2219,1447,2170,753559
860,100664506,64,30886,1447,1447,2961,1447,2392,831677
861,100664507,0,892,1447,1447,1937,1447,2010,614955
862,100664509,0,889,1447,1447,1937,1447,2010,614955
863,100664510,0,8,1447,1093,2143,1050,2022,500120
864,100664511,64,7032,1447,1447,1819,1447,2019,638741
865,100664512,64,61358,1447,1447,1716,1447,2003,697349
866,100664515,0,3698,1447,1447,1937,1447,2010,614955
867,100664517,64,7175,1447,1093,2143,1050,2022,500120
868,100664518,0,948,1447,1447,2194,1447,2170,753559
869,100664520,448,1233536,1447,1447,1514,1447,2003,785573
870,100664521,0,1823,1447,1447,1937,1447,2010,614955
871,100664523,0,232,1447,1447,2194,1447,2170,753559
872,100664525,0,1536,1447,1447,1937,1447,2010,614955
873,100664528,0,2851,1447,1447,1937,1447,2010,614955
874,100664530,64,4289,1447,1447,2194,1447,2170,753559
875,100664531,64,10277,1447,1447,1632,1447,2023,881083
876,100664533,64,4450,1447,1447,1937,1447,2010,614955
877,100664534,0,0,1447,1447,1717,1510,2003,697349
878,100664536,448,561281,1447,1447,1716,1447,2003,697349
879,100664539,128,80607,1447,1447,2961,1447,2392,831677
880,100664542,64,17470,1447,1447,1819,1447,2019,638741
881,100664544,64,70170,1447,1447,3142,1447,2035,762231
882,100664546,64,30681,1447,1447,2961,1447,2392,831677
883,100664548,0,925,1447,1447,3142,1447,2035,762231
884,100664550,0,981,1447,1447,1632,1447,2023,881083
885,100664552,0,288,1447,1447,3142,1447,2035,762231
886,100664553,0,2964,1447,1093,2143,1050,2022,500120
887,100664555,0,1218,1447,1093,2143,1050,2022,500120
888,100664556,64,14258,1447,1447,1632,1447,2023,881083
889,100664557,0,992,1447,1447,3142,1447,2035,762231
890,100664559,64,7557,1447,1447,1819,1447,2019,638741
891,100664560,64,3947,1447,1447,2220,1447,2170,753559
892,100664561,128,112968,1447,1447,1540,1447,2003,785573
893,100664562,0,0,1447,1093,2143,1506,2022,500120
894,100664563,384,701629,1447,1447,1717,1447,2003,697349
895,100664564,0,338,1447,1447,3142,1447,2035,762231
896,100664566,64,15562,1447,1093,2143,1050,2022,500120
897,100664567,0,1467,1447,1447,3142,1447,2035,762231
898,100664569,0,381,1447,1447,1937,1447,2010,614955
899,100664570,64,33171,1447,1447,3142,1447,2035,762231
900,100664573,0,1199,1447,1447,1937,1447,2010,614955
901,100664577,0,1357,1447,1447,1937,1447,2010,614955
902,100664578,64,9890,1447,1447,1819,1447,2019,638741
903,100664580,0,44,1447,1447,2322,1447,2392,831677
904,100664582,128,125749,1447,1447,3142,1447,2035,762231
905,100664583,0,59,1447,1447,2322,1447,2392,831677
906,100664585,64,5309,1447,1447,1632,1447,2023,881083
907,100664586,64,18991,1447,1447,1937,1447,2010,614955
908,100664587,0,10,1447,1447,2322,1447,2392,831677
909,100664588,64,5854,1447,1447,1716,1447,2003,697349
910,100664589,64,10240,1447,1447,2194,1447,2170,753559
911,100664590,256,527600,1447,1447,1540,1447,2003,785573
912,100664593,0,2275,1447,1447,1937,1447,2010,614955
913,100664595,0,658,1447,1447,2322,1447,2392,831677
914,100664597,0,8,1447,1093,2143,1050,2022,500120
915,100664599,0,215,1447,1447,2194,1447,2170,753559
916,100664600,64,30067,1447,1447,2961,1447,2392,831677
917,100664602,0,756,1447,1447,1937,1447,2010,614955
918,100664603,0,692,1447,1093,2143,1050,2022,500120
919,100664605,64,4050,1447,1447,2194,1447,2170,753559
920,100664606,64,9135,1447,1447,1632,1447,2023,881083
921,100664607,64,9263,1447,1447,1819,1447,2019,638741
922,100664608,0,499,1447,1447,1937,1447,2010,614955
923,100664610,0,8,1447,1093,2143,1050,2022,500120
924,100664611,384,701629,1447,1447,1717,1447,2003,697349
925,100664613,64,4680,1447,1447,1937,1447,2010,614955
926,100664615,0,222,1447,1093,2143,1050,2022,500120
927,100664616,0,1945,1447,1447,3142,1447,2035,762231
928,100664618,64,21075,1447,1093,2143,1050,2022,500120
929,100664619,0,744,1447,1447,3142,1447,2035,762231
930,100664621,128,181264,1447,1447,1540,1447,2003,785573
931,100664623,0,349,1447,1447,3142,1447,2035,762231
932,100664626,128,75652,1447,1447,2961,1447,2392,831677
933,100664627,0,744,1447,1447,3142,1447,2035,762231
934,100664630,64,9396,1447,1447,1819,1447,2019,638741
935,100664631,0,602,1447,1447,3142,1447,2035,762231
936,100664633,0,440,1447,1447,3131,1447,2035,762231
937,100664638,64,11746,1447,1447,1937,1447,2010,614955
938,100664639,0,2247,1447,1447,3142,1447,2035,762231
939,100664643,0,380,1447,1447,3142,1447,2035,762231
940,100664645,64,3783,1447,1447,1937,1447,2010,614955
941,100664647,274112,280675397,1447,1447,1716,1447,2003,697349
942,100664649,0,99,1447,1447,3131,1447,2035,762231
943,100664652,64,5526,1447,1447,2258,1447,2170,753559
944,100664653,64,13763,1447,1447,1819,1447,2019,638741
945,100664655,64,11630,1447,1093,2143,1050,2022,500120
946,100664657,0,164,1447,1447,3142,1447,2035,762231
947,100664661,0,910,1447,1447,1632,1447,2023,881083
948,100664663,0,511,1447,1447,3131,1447,2035,762231
949,100664664,192,293888,1447,1447,1540,1447,2003,785573
950,100664667,64,12960,1447,1447,1632,1447,2023,881083
951,100664668,0,0,1447,1447,3131,1487,2035,762231
952,100664670,64,208884,1447,1447,2525,1447,2069,1000000092
953,100664672,0,1104,1447,1447,3142,1447,2035,762231
954,100664675,64,30303,1447,1447,2961,1447,2392,831677
955,100664676,0,324,1447,1447,3142,1447,2035,762231
956,100664679,0,20,1447,1447,3131,1447,2035,762231
957,100664680,0,1124,1447,1093,2143,1050,2022,500120
958,100664685,0,33,1447,1447,3131,1447,2035,762231
959,100664687,64,17291,1447,1093,2143,1050,2022,500120
960,100664689,0,0,1447,1447,3131,1487,2035,762231
961,100664690,0,1157,1447,1447,1937,1447,2010,614955
962,100664691,0,3501,1447,1447,2233,1447,2170,753559
963,100664693,0,18,1447,1447,3142,1447,2035,762231
964,100664696,64,6849,1447,1447,2233,1447,2170,753559
965,100664702,0,3099,1447,1447,3142,1447,2035,762231
966,100664704,64,26475,1447,1093,2143,1050,2022,500120
967,100664705,0,132,1447,1447,2525,1447,2069,1000000092
968,100664707,64,8630,1447,1447,1819,1447,2019,638741
969,100664710,0,2836,1447,1447,3142,1447,2035,762231
970,100664711,64,7122,1447,1447,1632,1447,2023,881083
971,100664712,0,1025,1447,1447,2527,1447,2069,1000000092
972,100664716,0,0,1447,1447,3131,1487,2035,762231
973,100664719,8448,8606860,1447,1447,2525,1447,2069,1000000092
974,100664721,0,344,1447,1447,3131,1447,2035,762231
975,100664722,128,78320,1447,1447,2961,1447,2392,831677
976,100664724,0,152,1447,1447,2233,1447,2170,753559
977,100664726,64,15943,1447,1093,2143,1050,2022,500120
978,100664727,64,6364,1447,1447,3142,1447,2035,762231
979,100664728,64,19740,1447,1447,1819,1447,2019,638741
980,100664731,0,232,1447,1447,2233,1447,2170,753559
981,100664732,0,407,1447,1447,1937,1447,2010,614955
982,100664736,0,720,1447,1447,2233,1447,2170,753559
983,100664737,64,7701,1447,1447,1632,1447,2023,881083
984,100664740,64,30256,1447,1447,2961,1447,2392,831677
985,100664747,0,38,1447,1447,2427,1447,2170,753559
986,100664751,0,47,1447,1447,2427,1447,2170,753559
987,100664753,64,12497,1447,1447,1902,1447,2010,841154
988,100664756,64,9126,1447,1447,1819,1447,2019,638741
989,100664757,0,160,1447,1447,1937,1447,2010,614955
990,100664758,0,625,1447,1447,2233,1447,2170,753559
991,100664759,0,264,1447,1447,1937,1447,2010,614955
992,100664760,0,49,1447,1447,2303,1447,2170,753559
993,100664762,0,78,1447,1447,1937,1447,2010,614955
994,100664763,0,901,1447,1447,2233,1447,2170,753559
995,100664765,128,78949,1447,1447,2961,1447,2392,831677
996,100664766,64,24666,1447,1447,1632,1447,2023,881083
997,100664767,0,530,1447,1093,2143,1050,2022,500120
998,100664768,0,99,1447,1447,1937,1447,2010,614955
999,100664769,64,12761,1447,1447,2922,1447,2170,753559
